--
-- PostgreSQL database dump
--

\restrict oiJgEr0eSbDbcsXS5LBesKtgT2wPlvIE16SL3vSYysZsgULdRvYhfggLD8itYVl

-- Dumped from database version 16.11
-- Dumped by pg_dump version 16.11

SET statement_timeout = 0;
SET lock_timeout = 0;
SET idle_in_transaction_session_timeout = 0;
SET client_encoding = 'UTF8';
SET standard_conforming_strings = on;
SELECT pg_catalog.set_config('search_path', '', false);
SET check_function_bodies = false;
SET xmloption = content;
SET client_min_messages = warning;
SET row_security = off;

--
-- Data for Name: ar_internal_metadata; Type: TABLE DATA; Schema: public; Owner: nikoo
--

COPY public.ar_internal_metadata (key, value, created_at, updated_at) FROM stdin;
environment	development	2025-12-13 07:04:13.613487	2025-12-13 07:04:13.61349
schema_sha1	a7f384cb219b6a060e2d713ab433f12b1993e96e	2025-12-13 07:04:13.636355	2025-12-13 07:04:13.636357
\.


--
-- Data for Name: users; Type: TABLE DATA; Schema: public; Owner: nikoo
--

COPY public.users (id, email_address, password_digest, created_at, updated_at, name) FROM stdin;
1	niko@ocene.si	$2a$12$Ku2HigVysCNScfTGxEmHcORL0OHsFeYHeVRV05c.F4oeeDRaq8Do2	2025-12-13 07:26:35.236063	2025-12-13 15:40:10.794571	Niko
2	lazo@ocene.si	$2a$12$duehu8hiT0/jLyBBcP0aNuRcUWYLXoGDFKTudjCQDk/gs6QaJ2Ibu	2025-12-13 07:27:47.562705	2025-12-13 15:44:21.225085	Lazo
3	bulc@ocene.si	$2a$12$H3/VIk4pSSMFk3N5qGOvJuObq490jr6HjMQQFOtX8BoiEW6wC/xOi	2025-12-13 07:29:18.685745	2025-12-13 15:45:49.117059	Bulc
\.


--
-- Data for Name: suppliers; Type: TABLE DATA; Schema: public; Owner: nikoo
--

COPY public.suppliers (id, name, description, email, user_id, created_at, updated_at) FROM stdin;
253	Dober dan	Prvi dobavitelj	se@smo.tukaj	1	2025-12-13 14:36:23.185809	2025-12-13 14:36:23.185809
254	cocacola	drugi v vrsti	coca@tukaj.sem	1	2025-12-13 14:40:22.318228	2025-12-13 14:40:22.318228
255	Pepsocola	Prvi lazotov	pepe@tukaj.smo	2	2025-12-13 14:49:43.088807	2025-12-13 14:49:43.088807
259	brez email	form popravil?	to je to	2	2025-12-13 17:18:26.29745	2025-12-13 17:18:26.29745
256	Spar	deluje le nekaj sporocil ni prevedeno	123@dfg.hj	2	2025-12-13 15:13:12.679067	2025-12-13 15:13:12.679067
257	Mercator	ponovljen	merc@merc.si	2	2025-12-13 15:17:46.228793	2025-12-13 15:17:46.228793
190	ALEKS ANDREJEVIĆ S.P.	\N	\N	3	2025-12-13 08:31:43.582515	2025-12-13 08:31:43.582515
191	ALEŠ ČADEŽ, S.P.	\N	\N	3	2025-12-13 08:31:43.588213	2025-12-13 08:31:43.588213
192	AMBROŽ MARJAN	\N	\N	3	2025-12-13 08:31:43.592795	2025-12-13 08:31:43.592795
193	AVSEC BRANKO	\N	\N	3	2025-12-13 08:31:43.597221	2025-12-13 08:31:43.597221
194	BIMED D.O.O.	\N	\N	3	2025-12-13 08:31:43.602127	2025-12-13 08:31:43.602127
195	BURGOX D.O.O.	\N	\N	3	2025-12-13 08:31:43.606413	2025-12-13 08:31:43.606413
196	CIRIL RAVNIKAR	\N	\N	3	2025-12-13 08:31:43.611232	2025-12-13 08:31:43.611232
197	DALLAS SKUPINA D.O.O.	\N	\N	3	2025-12-13 08:31:43.616204	2025-12-13 08:31:43.616204
198	DAMIJAN JANEZ BUČAR S.P.	\N	\N	3	2025-12-13 08:31:43.620747	2025-12-13 08:31:43.620747
199	DARSAD D.O.O.	\N	\N	3	2025-12-13 08:31:43.625542	2025-12-13 08:31:43.625542
200	FRANC ŠIPEC - PREDELAVA	\N	\N	3	2025-12-13 08:31:43.630366	2025-12-13 08:31:43.630366
201	FRANC VIDMAR	\N	\N	3	2025-12-13 08:31:43.635152	2025-12-13 08:31:43.635152
202	GEAPRODUKT D.O.O.	\N	\N	3	2025-12-13 08:31:43.640255	2025-12-13 08:31:43.640255
203	GREMAL D.O.O.	\N	\N	3	2025-12-13 08:31:43.644872	2025-12-13 08:31:43.644872
204	HRIB, D.O.O. KMETIJSKO	\N	\N	3	2025-12-13 08:31:43.649604	2025-12-13 08:31:43.649604
205	IGOR KVEDER S.P.	\N	\N	3	2025-12-13 08:31:43.654065	2025-12-13 08:31:43.654065
206	KALČO D.O.O.	\N	\N	3	2025-12-13 08:31:43.660102	2025-12-13 08:31:43.660102
207	KARLOVČEK D.O.O.	\N	\N	3	2025-12-13 08:31:43.665074	2025-12-13 08:31:43.665074
208	KMETIJA MIHOVEC	\N	\N	3	2025-12-13 08:31:43.669525	2025-12-13 08:31:43.669525
209	KOGOJ JOŽE	\N	\N	3	2025-12-13 08:31:43.674028	2025-12-13 08:31:43.674028
210	KOPAČ MARJAN	\N	\N	3	2025-12-13 08:31:43.678864	2025-12-13 08:31:43.678864
211	KZA Z.O.O.	\N	\N	3	2025-12-13 08:31:43.683288	2025-12-13 08:31:43.683288
212	LEVIČAR ROBERT	\N	\N	3	2025-12-13 08:31:43.688027	2025-12-13 08:31:43.688027
213	MAJCAN, MATEJ MAJCAN S.P.	\N	\N	3	2025-12-13 08:31:43.693159	2025-12-13 08:31:43.693159
214	MAKTRANS D.O.O.	\N	\N	3	2025-12-13 08:31:43.697808	2025-12-13 08:31:43.697808
215	MANDORAS, D.O.O.	\N	\N	3	2025-12-13 08:31:43.702315	2025-12-13 08:31:43.702315
216	MARKO STRNAD	\N	\N	3	2025-12-13 08:31:43.707221	2025-12-13 08:31:43.707221
217	MIKROZELENJE ŠEBENIK, D.O.O.	\N	\N	3	2025-12-13 08:31:43.712263	2025-12-13 08:31:43.712263
218	RASTODER DRUŽBA ZA	\N	\N	3	2025-12-13 08:31:43.716763	2025-12-13 08:31:43.716763
219	ŠAMPINJONI SMUK	\N	\N	3	2025-12-13 08:31:43.721666	2025-12-13 08:31:43.721666
220	SKUPINA POSAVJE	\N	\N	3	2025-12-13 08:31:43.727088	2025-12-13 08:31:43.727088
221	SUŠILNICA SADJA	\N	\N	3	2025-12-13 08:31:43.731632	2025-12-13 08:31:43.731632
222	TIMOTEJ RANČNIK	\N	\N	3	2025-12-13 08:31:43.736312	2025-12-13 08:31:43.736312
223	ZELJARSTVO BUČAR, DARJA PETEK	\N	\N	3	2025-12-13 08:31:43.740958	2025-12-13 08:31:43.740958
224	ZEVNIK MARKO	\N	\N	3	2025-12-13 08:31:43.74565	2025-12-13 08:31:43.74565
225	AZ. AGR. LA MAROSTEGANA	\N	\N	3	2025-12-13 08:31:43.750836	2025-12-13 08:31:43.750836
226	BOSCHELLO ERMES	\N	\N	3	2025-12-13 08:31:43.755952	2025-12-13 08:31:43.755952
227	BOSCOLO SANTE	\N	\N	3	2025-12-13 08:31:43.760674	2025-12-13 08:31:43.760674
228	C.F.C	\N	\N	3	2025-12-13 08:31:43.765007	2025-12-13 08:31:43.765007
229	C.A.P.O.	\N	\N	3	2025-12-13 08:31:43.769564	2025-12-13 08:31:43.769564
230	C.O.E.F.	\N	\N	3	2025-12-13 08:31:43.774075	2025-12-13 08:31:43.774075
231	CALIMERO ORTOFRUTTA S.R.L.	\N	\N	3	2025-12-13 08:31:43.778764	2025-12-13 08:31:43.778764
232	COMAS COMMERCIALE S.R.L.	\N	\N	3	2025-12-13 08:31:43.783808	2025-12-13 08:31:43.783808
233	DUE ERRE	\N	\N	3	2025-12-13 08:31:43.788666	2025-12-13 08:31:43.788666
234	EL TAMISO	\N	\N	3	2025-12-13 08:31:43.79382	2025-12-13 08:31:43.79382
235	FRATELLI DANIELE S.R.L.	\N	\N	3	2025-12-13 08:31:43.798584	2025-12-13 08:31:43.798584
236	G.B.R. ORTOFRUTTICOLA	\N	\N	3	2025-12-13 08:31:43.803548	2025-12-13 08:31:43.803548
237	GAMMA FRUTTA S.p.A.	\N	\N	3	2025-12-13 08:31:43.808317	2025-12-13 08:31:43.808317
238	I 2 LEONI srl	\N	\N	3	2025-12-13 08:31:43.813147	2025-12-13 08:31:43.813147
239	L,ORTOFRUTTICOLA SCUDERI S.R.L	\N	\N	3	2025-12-13 08:31:43.817722	2025-12-13 08:31:43.817722
240	LA RODIGINA S.R.L.	\N	\N	3	2025-12-13 08:31:43.824243	2025-12-13 08:31:43.824243
241	LANDESPRODUKTENHANDELS	\N	\N	3	2025-12-13 08:31:43.829196	2025-12-13 08:31:43.829196
242	LIFE S.R.L.	\N	\N	3	2025-12-13 08:31:43.83426	2025-12-13 08:31:43.83426
243	MARCHIORO LORIS S.N.C.	\N	\N	3	2025-12-13 08:31:43.839273	2025-12-13 08:31:43.839273
244	NATURESMARKT B.V.	\N	\N	3	2025-12-13 08:31:43.844347	2025-12-13 08:31:43.844347
245	NEW SOM s.p.a	\N	\N	3	2025-12-13 08:31:43.848837	2025-12-13 08:31:43.848837
246	ORTOPADOVA S.R.L.	\N	\N	3	2025-12-13 08:31:43.853677	2025-12-13 08:31:43.853677
247	PAOLO GALEAZZO S.R.L.	\N	\N	3	2025-12-13 08:31:43.85903	2025-12-13 08:31:43.85903
248	REMAGI s.n.c.	\N	\N	3	2025-12-13 08:31:43.863945	2025-12-13 08:31:43.863945
249	SAIA & RUSSO S.r.l.	\N	\N	3	2025-12-13 08:31:43.868658	2025-12-13 08:31:43.868658
250	SAP srl	\N	\N	3	2025-12-13 08:31:43.873938	2025-12-13 08:31:43.873938
251	SAVIO GIACOMO S.R.L.	\N	\N	3	2025-12-13 08:31:43.879127	2025-12-13 08:31:43.879127
252	VERDEORO S.R.L.	\N	\N	3	2025-12-13 08:31:43.883715	2025-12-13 08:31:43.883715
258	Soncek	preverim ali rabi mail	gh@bb.cc	2	2025-12-13 17:04:56.72614	2025-12-13 17:04:56.72614
\.


--
-- Data for Name: papers; Type: TABLE DATA; Schema: public; Owner: nikoo
--

COPY public.papers (id, year, article, "group", labtest, location_labtest, certificate, location_certificate, comment, supplier_id, created_at, updated_at) FROM stdin;
3	2025	mesec	1	t	C:/izvid/3	f		nekako pri lokaciji preverit ali je?	254	2025-12-13 14:41:32.709361	2025-12-13 14:41:32.709361
1	2025	Sonce	1	t	C:/izvid/1	f		prvi izvid	253	2025-12-13 14:36:59.647001	2025-12-13 14:42:22.050891
2	2025	mesec	1	f		t	c:/izvid/2	Prvi certifikat nekaj za leto moram uredit pri vnosu	253	2025-12-13 14:38:13.67733	2025-12-13 14:42:50.670374
4	2025	yelje	2	f		t	Mapa/1	prvi dokument v mapi\nHACCP izjava	254	2025-12-13 14:44:47.603141	2025-12-13 14:44:47.603141
5	2025	pomarance	3	t	c:/izvid/4	f		Laboratij hrvaski	254	2025-12-13 14:46:07.021402	2025-12-13 14:46:51.224298
6	2025	yelje	3	t	c:/izvid/5	f			255	2025-12-13 14:50:47.751599	2025-12-13 14:50:47.751599
7	2025	zelje	4	t	c:izvid/6	f		preverit ali je ta oblika prava	256	2025-12-13 15:14:20.265359	2025-12-13 15:14:20.265359
8	2025	pomarance	4	t	c:/izvid/7	f			256	2025-12-13 15:16:30.939092	2025-12-13 15:16:55.764647
\.


--
-- Data for Name: schema_migrations; Type: TABLE DATA; Schema: public; Owner: nikoo
--

COPY public.schema_migrations (version) FROM stdin;
20251206064124
20251205055519
20251205053722
20251121151241
20251121151213
20251121070259
20251121070258
\.


--
-- Data for Name: sessions; Type: TABLE DATA; Schema: public; Owner: nikoo
--

COPY public.sessions (id, user_id, ip_address, user_agent, created_at, updated_at) FROM stdin;
3	3	127.0.0.1	Mozilla/5.0 (X11; Linux x86_64; rv:145.0) Gecko/20100101 Firefox/145.0	2025-12-13 08:04:07.59944	2025-12-13 08:04:07.59944
7	2	127.0.0.1	Mozilla/5.0 (X11; Linux x86_64; rv:145.0) Gecko/20100101 Firefox/145.0	2025-12-13 15:12:10.216542	2025-12-13 15:12:10.216542
9	1	127.0.0.1	Mozilla/5.0 (X11; Linux x86_64; rv:145.0) Gecko/20100101 Firefox/145.0	2025-12-14 16:47:24.345333	2025-12-14 16:47:24.345333
10	1	127.0.0.1	Mozilla/5.0 (X11; Linux x86_64; rv:146.0) Gecko/20100101 Firefox/146.0	2025-12-17 06:16:23.825347	2025-12-17 06:16:23.825347
11	2	127.0.0.1	Mozilla/5.0 (X11; Linux x86_64; rv:146.0) Gecko/20100101 Firefox/146.0	2025-12-19 18:05:21.370895	2025-12-19 18:05:21.370895
12	2	127.0.0.1	Mozilla/5.0 (X11; Linux x86_64; rv:146.0) Gecko/20100101 Firefox/146.0	2025-12-22 18:45:25.345367	2025-12-22 18:45:25.345367
13	1	127.0.0.1	Mozilla/5.0 (X11; Linux x86_64; rv:146.0) Gecko/20100101 Firefox/146.0	2025-12-23 06:20:44.081431	2025-12-23 06:20:44.081431
\.


--
-- Data for Name: temp_suppliers; Type: TABLE DATA; Schema: public; Owner: nikoo
--

COPY public.temp_suppliers (name, user_id) FROM stdin;
\.


--
-- Name: papers_id_seq; Type: SEQUENCE SET; Schema: public; Owner: nikoo
--

SELECT pg_catalog.setval('public.papers_id_seq', 8, true);


--
-- Name: sessions_id_seq; Type: SEQUENCE SET; Schema: public; Owner: nikoo
--

SELECT pg_catalog.setval('public.sessions_id_seq', 13, true);


--
-- Name: suppliers_id_seq; Type: SEQUENCE SET; Schema: public; Owner: nikoo
--

SELECT pg_catalog.setval('public.suppliers_id_seq', 259, true);


--
-- Name: users_id_seq; Type: SEQUENCE SET; Schema: public; Owner: nikoo
--

SELECT pg_catalog.setval('public.users_id_seq', 3, true);


--
-- PostgreSQL database dump complete
--

\unrestrict oiJgEr0eSbDbcsXS5LBesKtgT2wPlvIE16SL3vSYysZsgULdRvYhfggLD8itYVl

